{"cameraMode":{"drawMode":0,"name":"Shaded","section":"Shading Mode"},"sceneLighting":false,"audioPlay":false,"sceneViewState":{"m_AlwaysRefresh":false,"showFog":true,"showSkybox":false,"showFlares":true,"showImageEffects":true,"showParticleSystems":true,"showVisualEffectGraphs":true,"m_FxEnabled":true},"in2DMode":false,"pivot":{"x":-94.60050201416016,"y":0.31189611554145815,"z":-93.6878662109375},"rotation":{"x":-0.24368630349636079,"y":-0.00013741593284066767,"z":-0.00018437087419442832,"w":-0.9692736864089966},"size":1.0838959217071534,"orthographic":false}