{"cameraMode":{"drawMode":0,"name":"Shaded","section":"Shading Mode"},"sceneLighting":false,"audioPlay":false,"sceneViewState":{"m_AlwaysRefresh":false,"showFog":true,"showSkybox":false,"showFlares":true,"showImageEffects":true,"showParticleSystems":true,"showVisualEffectGraphs":true,"m_FxEnabled":true},"in2DMode":false,"pivot":{"x":-4.030343532562256,"y":-0.28258049488067629,"z":12.772031784057618},"rotation":{"x":0.038498055189847949,"y":-0.1584424376487732,"z":0.0061592962592840199,"w":0.9865696430206299},"size":7.868281364440918,"orthographic":false}