{"cameraMode":{"drawMode":0,"name":"Shaded","section":"Shading Mode"},"sceneLighting":false,"audioPlay":false,"sceneViewState":{"m_AlwaysRefresh":false,"showFog":true,"showSkybox":false,"showFlares":true,"showImageEffects":true,"showParticleSystems":true,"showVisualEffectGraphs":true,"m_FxEnabled":true},"in2DMode":false,"pivot":{"x":3.149456739425659,"y":1.1694881916046143,"z":2.5375332832336427},"rotation":{"x":-0.043349746614694598,"y":0.7755802869796753,"z":-0.042376380413770679,"w":-0.6266629695892334},"size":0.8660253882408142,"orthographic":false}