{"cameraMode":{"drawMode":0,"name":"Shaded","section":"Shading Mode"},"sceneLighting":false,"audioPlay":false,"sceneViewState":{"m_AlwaysRefresh":false,"showFog":true,"showSkybox":false,"showFlares":true,"showImageEffects":true,"showParticleSystems":true,"showVisualEffectGraphs":true,"m_FxEnabled":true},"in2DMode":false,"pivot":{"x":-0.003033161163330078,"y":3.7575879096984865,"z":-0.019545435905456544},"rotation":{"x":-0.21591664850711823,"y":0.2881329655647278,"z":-0.06686769425868988,"w":-0.9305475354194641},"size":3.7547173500061037,"orthographic":false}