{"cameraMode":{"drawMode":0,"name":"Shaded","section":"Shading Mode"},"sceneLighting":false,"audioPlay":false,"sceneViewState":{"m_AlwaysRefresh":false,"showFog":false,"showSkybox":false,"showFlares":false,"showImageEffects":false,"showParticleSystems":false,"showVisualEffectGraphs":true,"m_FxEnabled":true},"in2DMode":false,"pivot":{"x":0.06277430057525635,"y":0.7084445953369141,"z":0.0552138090133667},"rotation":{"x":0.26606813073158266,"y":-0.18390530347824098,"z":0.0517764687538147,"w":0.9448094367980957},"size":1.5391255617141724,"orthographic":false}