{"cameraMode":{"drawMode":0,"name":"Shaded","section":"Shading Mode"},"sceneLighting":false,"audioPlay":false,"sceneViewState":{"m_AlwaysRefresh":false,"showFog":true,"showSkybox":false,"showFlares":true,"showImageEffects":true,"showParticleSystems":true,"showVisualEffectGraphs":true,"m_FxEnabled":true},"in2DMode":false,"pivot":{"x":1.5610525608062745,"y":1.7790688276290894,"z":1.5836917161941529},"rotation":{"x":-0.11453691869974137,"y":0.8250479102134705,"z":-0.16565805673599244,"w":-0.5265563726425171},"size":1.6386654376983643,"orthographic":false}