{"cameraMode":{"drawMode":0,"name":"Shaded","section":"Shading Mode"},"sceneLighting":false,"audioPlay":false,"sceneViewState":{"m_AlwaysRefresh":false,"showFog":true,"showSkybox":false,"showFlares":true,"showImageEffects":true,"showParticleSystems":true,"showVisualEffectGraphs":true,"m_FxEnabled":true},"in2DMode":false,"pivot":{"x":0.001426955685019493,"y":0.003921644762158394,"z":0.0005746800452470779},"rotation":{"x":-0.03980329632759094,"y":0.9582016468048096,"z":-0.22686049342155457,"w":-0.16752098500728608},"size":0.014423290267586708,"orthographic":false}