{"cameraMode":{"drawMode":0,"name":"Shaded","section":"Shading Mode"},"sceneLighting":true,"audioPlay":false,"sceneViewState":{"m_AlwaysRefresh":false,"showFog":true,"showSkybox":false,"showFlares":true,"showImageEffects":true,"showParticleSystems":true,"showVisualEffectGraphs":true,"m_FxEnabled":true},"in2DMode":false,"pivot":{"x":-0.5210105180740356,"y":-1.0259464979171754,"z":6.162728309631348},"rotation":{"x":0.16567716002464295,"y":-0.013015801087021828,"z":0.003007278311997652,"w":0.9859316349029541},"size":5.595963954925537,"orthographic":false}