{"cameraMode":{"drawMode":0,"name":"Shaded","section":"Shading Mode"},"sceneLighting":false,"audioPlay":false,"sceneViewState":{"m_AlwaysRefresh":false,"showFog":true,"showSkybox":false,"showFlares":true,"showImageEffects":true,"showParticleSystems":true,"showVisualEffectGraphs":true,"m_FxEnabled":true},"in2DMode":false,"pivot":{"x":-16.797117233276368,"y":2.8270130157470705,"z":8.609691619873047},"rotation":{"x":-0.025479240342974664,"y":-0.5268939733505249,"z":-0.01582964137196541,"w":0.8493695855140686},"size":14.280160903930664,"orthographic":false}