{"cameraMode":{"drawMode":0,"name":"Shaded","section":"Shading Mode"},"sceneLighting":false,"audioPlay":false,"sceneViewState":{"m_AlwaysRefresh":false,"showFog":true,"showSkybox":false,"showFlares":true,"showImageEffects":true,"showParticleSystems":true,"showVisualEffectGraphs":true,"m_FxEnabled":true},"in2DMode":false,"pivot":{"x":-14.449487686157227,"y":-11.934937477111817,"z":5.899715423583984},"rotation":{"x":0.26301342248916628,"y":-0.5241735577583313,"z":0.17426152527332307,"w":0.7909712791442871},"size":13.880890846252442,"orthographic":false}