{"cameraMode":{"drawMode":0,"name":"Shaded","section":"Shading Mode"},"sceneLighting":false,"audioPlay":false,"sceneViewState":{"m_AlwaysRefresh":false,"showFog":true,"showSkybox":false,"showFlares":true,"showImageEffects":true,"showParticleSystems":true,"showVisualEffectGraphs":true,"m_FxEnabled":true},"in2DMode":false,"pivot":{"x":-400.3833923339844,"y":5.321523189544678,"z":240.1297149658203},"rotation":{"x":0.046693626791238788,"y":0.18328146636486054,"z":-0.012783363461494446,"w":0.9809650182723999},"size":3.071697950363159,"orthographic":false}