{"cameraMode":{"drawMode":0,"name":"Shaded","section":"Shading Mode"},"sceneLighting":false,"audioPlay":false,"sceneViewState":{"m_AlwaysRefresh":false,"showFog":true,"showSkybox":false,"showFlares":true,"showImageEffects":true,"showParticleSystems":true,"showVisualEffectGraphs":true,"m_FxEnabled":true},"in2DMode":false,"pivot":{"x":-0.014710545539855957,"y":0.5819977521896362,"z":-0.03844594955444336},"rotation":{"x":-0.009826156310737133,"y":-0.9488569498062134,"z":0.31237006187438967,"w":-0.03309847041964531},"size":1.2060248851776124,"orthographic":false}