{"cameraMode":{"drawMode":0,"name":"Shaded","section":"Shading Mode"},"sceneLighting":false,"audioPlay":false,"sceneViewState":{"m_AlwaysRefresh":false,"showFog":false,"showSkybox":false,"showFlares":false,"showImageEffects":false,"showParticleSystems":false,"showVisualEffectGraphs":true,"m_FxEnabled":true},"in2DMode":false,"pivot":{"x":-0.010392427444458008,"y":3.6323423385620119,"z":-0.34395575523376467},"rotation":{"x":0.19326111674308778,"y":-0.5266886949539185,"z":0.12037080526351929,"w":0.8182808756828308},"size":5.210200309753418,"orthographic":false}