{"cameraMode":{"drawMode":0,"name":"Shaded","section":"Shading Mode"},"sceneLighting":false,"audioPlay":false,"sceneViewState":{"m_AlwaysRefresh":false,"showFog":true,"showSkybox":false,"showFlares":true,"showImageEffects":true,"showParticleSystems":true,"showVisualEffectGraphs":true,"m_FxEnabled":true},"in2DMode":false,"pivot":{"x":0.00723380409181118,"y":0.0033715274184942247,"z":-0.011101171374320984},"rotation":{"x":-0.024101056158542634,"y":0.9672043919563294,"z":-0.10046703368425369,"w":-0.23210249841213227},"size":0.018187079578638078,"orthographic":false}