{"cameraMode":{"drawMode":0,"name":"Shaded","section":"Shading Mode"},"sceneLighting":false,"audioPlay":false,"sceneViewState":{"m_AlwaysRefresh":false,"showFog":false,"showSkybox":false,"showFlares":false,"showImageEffects":false,"showParticleSystems":false,"showVisualEffectGraphs":true,"m_FxEnabled":true},"in2DMode":false,"pivot":{"x":0.11470949649810791,"y":0.7152012586593628,"z":0.06943345069885254},"rotation":{"x":-0.2240176498889923,"y":0.6926952004432678,"z":-0.24193057417869569,"w":-0.6414728164672852},"size":1.5603266954421998,"orthographic":false}