{"cameraMode":{"drawMode":0,"name":"Shaded","section":"Shading Mode"},"sceneLighting":false,"audioPlay":false,"sceneViewState":{"m_AlwaysRefresh":false,"showFog":true,"showSkybox":false,"showFlares":true,"showImageEffects":true,"showParticleSystems":true,"showVisualEffectGraphs":true,"m_FxEnabled":true},"in2DMode":false,"pivot":{"x":-0.38353675603866579,"y":4.71284818649292,"z":-1.0005483627319337},"rotation":{"x":-0.018516959622502328,"y":0.9798656105995178,"z":-0.16618549823760987,"w":-0.10923386365175247},"size":3.161736249923706,"orthographic":false}