{"cameraMode":{"drawMode":0,"name":"Shaded","section":"Shading Mode"},"sceneLighting":false,"audioPlay":false,"sceneViewState":{"m_AlwaysRefresh":false,"showFog":true,"showSkybox":false,"showFlares":true,"showImageEffects":true,"showParticleSystems":true,"showVisualEffectGraphs":true,"m_FxEnabled":true},"in2DMode":false,"pivot":{"x":-197.56936645507813,"y":0.1762402057647705,"z":-260.08795166015627},"rotation":{"x":0.002170129679143429,"y":0.984652578830719,"z":-0.17307475209236146,"w":0.010329952463507653},"size":4.393492221832275,"orthographic":false}