{"cameraMode":{"drawMode":0,"name":"Shaded","section":"Shading Mode"},"sceneLighting":false,"audioPlay":false,"sceneViewState":{"m_AlwaysRefresh":false,"showFog":true,"showSkybox":false,"showFlares":true,"showImageEffects":true,"showParticleSystems":true,"showVisualEffectGraphs":true,"m_FxEnabled":true},"in2DMode":false,"pivot":{"x":-0.7898746728897095,"y":0.25771069526672366,"z":2.1150834560394289},"rotation":{"x":-0.12410103529691696,"y":0.8595221042633057,"z":-0.22801674902439118,"w":-0.4378848671913147},"size":5.584250450134277,"orthographic":false}