{"cameraMode":{"drawMode":0,"name":"Shaded","section":"Shading Mode"},"sceneLighting":false,"audioPlay":false,"sceneViewState":{"m_AlwaysRefresh":false,"showFog":true,"showSkybox":false,"showFlares":true,"showImageEffects":true,"showParticleSystems":true,"showVisualEffectGraphs":true,"m_FxEnabled":true},"in2DMode":false,"pivot":{"x":-0.0021246671676635744,"y":0.2691498398780823,"z":-0.0035824328660964967},"rotation":{"x":-0.009826156310737133,"y":-0.9488569498062134,"z":0.31237006187438967,"w":-0.03309847041964531},"size":0.3534354865550995,"orthographic":false}