{"cameraMode":{"drawMode":0,"name":"Shaded","section":"Shading Mode"},"sceneLighting":false,"audioPlay":false,"sceneViewState":{"m_AlwaysRefresh":false,"showFog":true,"showSkybox":false,"showFlares":true,"showImageEffects":true,"showParticleSystems":true,"showVisualEffectGraphs":true,"m_FxEnabled":true},"in2DMode":false,"pivot":{"x":-1.1493936777114869,"y":1.0542501211166382,"z":-3.6881723403930666},"rotation":{"x":-0.04507117345929146,"y":0.46723753213882449,"z":-0.024413252249360086,"w":-0.882049560546875},"size":1.6133564710617066,"orthographic":false}