{"cameraMode":{"drawMode":0,"name":"Shaded","section":"Shading Mode"},"sceneLighting":false,"audioPlay":false,"sceneViewState":{"m_AlwaysRefresh":false,"showFog":true,"showSkybox":false,"showFlares":true,"showImageEffects":true,"showParticleSystems":true,"showVisualEffectGraphs":true,"m_FxEnabled":true},"in2DMode":false,"pivot":{"x":-0.0031177401542663576,"y":1.0897026062011719,"z":-0.1031867116689682},"rotation":{"x":0.12589922547340394,"y":-0.7277547717094421,"z":0.13374991714954377,"w":0.6598964929580689},"size":1.5630600452423096,"orthographic":false}