{"cameraMode":{"drawMode":0,"name":"Shaded","section":"Shading Mode"},"sceneLighting":true,"audioPlay":false,"sceneViewState":{"m_AlwaysRefresh":false,"showFog":true,"showSkybox":true,"showFlares":true,"showImageEffects":true,"showParticleSystems":true,"showVisualEffectGraphs":true,"m_FxEnabled":true},"in2DMode":false,"pivot":{"x":-98.35448455810547,"y":0.7873547077178955,"z":-96.61070251464844},"rotation":{"x":0.005461536813527346,"y":0.98386150598526,"z":-0.17324121296405793,"w":0.029081489890813829},"size":1.9962955713272095,"orthographic":false}